                  epoch,         train/box_loss,         train/cls_loss,         train/dfl_loss,   metrics/precision(B),      metrics/recall(B),       metrics/mAP50(B),    metrics/mAP50-95(B),           val/box_loss,           val/cls_loss,           val/dfl_loss,                 lr/pg0,                 lr/pg1,                 lr/pg2
                      1,                 3.7654,                 6.5142,                 3.9551,                0.02076,                0.01571,                0.01057,                0.00544,                 2.7832,                 7.1644,                  3.213,              0.0033167,              0.0033167,              0.0033167
                      2,                 2.3193,                 3.4887,                 2.3996,                0.49231,                0.08377,                0.27861,                0.17753,                 1.7801,                 2.9523,                 1.9923,              0.0066312,              0.0066312,              0.0066312
                      3,                 1.9284,                 2.7082,                  1.936,                0.23618,                0.16594,                0.10804,                0.06106,                 2.3482,                  12.93,                 2.3154,              0.0099269,              0.0099269,              0.0099269
                      4,                 1.7676,                 2.2733,                 1.7419,                0.22606,                 0.2644,                0.14551,                 0.0868,                 1.6735,                 5.8976,                 1.8028,              0.0099151,              0.0099151,              0.0099151
                      5,                 1.6209,                 1.9657,                 1.6121,                0.31235,                0.15183,                0.13819,                0.08554,                 1.8723,                 4.7786,                 1.9264,              0.0098869,              0.0098869,              0.0098869
                      6,                   1.52,                 1.7645,                 1.5384,                0.30014,                0.39518,                0.26494,                0.19022,                 1.2924,                 3.1255,                 1.5043,              0.0098586,              0.0098586,              0.0098586
                      7,                  1.443,                 1.6572,                 1.4895,                0.50759,                0.37958,                0.43692,                0.30966,                 1.3016,                 2.0459,                 1.5166,              0.0098303,              0.0098303,              0.0098303
                      8,                 1.3844,                 1.5528,                 1.4389,                  0.427,                0.40577,                0.39321,                0.28703,                  1.303,                 2.0217,                 1.5207,               0.009802,               0.009802,               0.009802
                      9,                 1.3755,                 1.4996,                 1.4229,                0.61013,                0.31955,                0.42948,                0.32259,                 1.2028,                 2.0259,                 1.4209,              0.0097737,              0.0097737,              0.0097737
                     10,                 1.3582,                 1.4416,                 1.4189,                0.65372,                0.38743,                0.51479,                0.38587,                 1.2021,                  1.895,                 1.4377,              0.0097454,              0.0097454,              0.0097454
                     11,                 1.3153,                   1.38,                 1.3887,                0.46969,                0.39267,                 0.4198,                0.32524,                 1.1363,                 2.0026,                 1.3871,              0.0097171,              0.0097171,              0.0097171
                     12,                 1.3086,                 1.3516,                 1.3893,                0.60663,                0.51832,                0.57875,                0.42809,                 1.1603,                 1.6584,                 1.3866,              0.0096889,              0.0096889,              0.0096889
                     13,                 1.2797,                 1.2888,                 1.3548,                0.68121,                0.53141,                0.62829,                0.48627,                 1.0771,                 1.5845,                 1.3275,              0.0096606,              0.0096606,              0.0096606
                     14,                  1.263,                 1.2637,                  1.362,                0.73648,                0.46824,                0.59087,                0.44007,                  1.146,                  1.585,                 1.3769,              0.0096323,              0.0096323,              0.0096323
                     15,                 1.2532,                 1.2389,                 1.3468,                0.66211,                0.46597,                0.58221,                0.44632,                 1.0613,                  1.541,                 1.3028,               0.009604,               0.009604,               0.009604
                     16,                 1.2421,                 1.2032,                 1.3268,                0.61399,                0.49738,                0.57823,                0.44811,                 1.0596,                 1.4994,                  1.323,              0.0095757,              0.0095757,              0.0095757
                     17,                 1.2325,                 1.1813,                 1.3184,                0.67171,                0.53927,                 0.6367,                0.49007,                 1.0542,                 1.3907,                 1.3109,              0.0095474,              0.0095474,              0.0095474
                     18,                 1.2147,                 1.1586,                  1.313,                  0.651,                0.54188,                0.63984,                0.48448,                 1.0753,                 1.3978,                 1.3102,              0.0095191,              0.0095191,              0.0095191
                     19,                 1.2061,                 1.1268,                 1.3039,                0.56916,                0.57068,                0.59296,                 0.4514,                 1.0377,                 1.3821,                 1.2921,              0.0094909,              0.0094909,              0.0094909
                     20,                 1.2032,                 1.1236,                 1.3169,                0.67775,                0.62304,                  0.699,                0.53173,                 1.0792,                 1.3047,                 1.3056,              0.0094626,              0.0094626,              0.0094626
                     21,                  1.184,                 1.0927,                 1.2915,                0.69424,                 0.5733,                0.67937,                0.53014,                 1.0966,                 1.2904,                 1.3077,              0.0094343,              0.0094343,              0.0094343
                     22,                 1.1772,                   1.06,                 1.2892,                0.67461,                0.58115,                0.65784,                0.50978,                 1.0674,                 1.2736,                 1.3179,               0.009406,               0.009406,               0.009406
                     23,                 1.1639,                 1.0595,                 1.2829,                0.67577,                0.58115,                0.66958,                0.50984,                   1.07,                 1.3376,                 1.3091,              0.0093777,              0.0093777,              0.0093777
                     24,                 1.1579,                 1.0254,                  1.273,                0.66368,                0.61518,                0.67881,                0.52798,                 1.0182,                 1.2489,                 1.2825,              0.0093494,              0.0093494,              0.0093494
                     25,                 1.1586,                 1.0331,                 1.2704,                 0.6067,                0.58958,                0.62569,                0.48816,                 1.0124,                 1.3616,                 1.2809,              0.0093211,              0.0093211,              0.0093211
                     26,                 1.1429,                 1.0015,                   1.27,                 0.7477,                0.60471,                0.71108,                0.56115,                  1.019,                  1.229,                 1.2722,              0.0092929,              0.0092929,              0.0092929
                     27,                 1.1454,                0.99208,                 1.2723,                0.74182,                0.63874,                0.73386,                0.55577,                 1.0504,                 1.2443,                 1.2982,              0.0092646,              0.0092646,              0.0092646
                     28,                 1.1389,                0.98017,                 1.2561,                0.67549,                0.61577,                0.68663,                0.52174,                 1.0306,                  1.338,                  1.291,              0.0092363,              0.0092363,              0.0092363
                     29,                 1.1312,                0.96045,                 1.2575,                0.67985,                0.62818,                0.68789,                0.53216,                 1.0366,                 1.2306,                 1.2833,               0.009208,               0.009208,               0.009208
                     30,                 1.1251,                0.94969,                 1.2459,                 0.7852,                0.65074,                0.74314,                0.58339,                0.98965,                 1.1527,                 1.2473,              0.0091797,              0.0091797,              0.0091797
                     31,                 1.1179,                0.94378,                 1.2387,                0.77591,                0.63451,                0.73715,                0.57072,                 1.0407,                 1.1393,                 1.2796,              0.0091514,              0.0091514,              0.0091514
                     32,                 1.1192,                0.94311,                 1.2434,                0.74089,                 0.7111,                0.78332,                0.61066,                0.99321,                 1.0828,                 1.2517,              0.0091231,              0.0091231,              0.0091231
                     33,                 1.1112,                0.92728,                 1.2298,                0.76935,                0.64615,                 0.7489,                 0.5902,                 0.9473,                 1.1164,                 1.2188,              0.0090949,              0.0090949,              0.0090949
                     34,                  1.114,                0.93267,                 1.2375,                 0.7196,                0.65837,                0.74008,                0.59102,                 0.9611,                 1.1684,                 1.2277,              0.0090666,              0.0090666,              0.0090666
                     35,                 1.1112,                0.90818,                 1.2339,                 0.7234,                0.71204,                0.76801,                0.61176,                0.98701,                 1.1323,                 1.2418,              0.0090383,              0.0090383,              0.0090383
                     36,                 1.0968,                0.89572,                 1.2252,                0.81964,                0.64921,                0.78077,                0.60944,                0.98882,                 1.0608,                 1.2401,                0.00901,                0.00901,                0.00901
                     37,                 1.0897,                0.88009,                 1.2192,                 0.7772,                0.68325,                0.76581,                0.61344,                0.92991,                 1.0635,                 1.1982,              0.0089817,              0.0089817,              0.0089817
                     38,                 1.0929,                0.88008,                 1.2215,                0.76644,                0.66754,                0.76759,                0.59499,                0.97337,                 1.0941,                 1.2291,              0.0089534,              0.0089534,              0.0089534
                     39,                 1.0921,                0.87879,                 1.2237,                0.78263,                0.71634,                0.78994,                0.62231,                0.97712,                0.99469,                 1.2296,              0.0089251,              0.0089251,              0.0089251
                     40,                 1.0902,                0.86992,                 1.2224,                0.77787,                0.69895,                0.78968,                 0.6185,                 0.9746,                 1.0356,                 1.2295,              0.0088969,              0.0088969,              0.0088969
                     41,                 1.0874,                0.86071,                 1.2143,                 0.8576,                0.66214,                0.79952,                0.63692,                0.95297,                 1.0016,                 1.2141,              0.0088686,              0.0088686,              0.0088686
                     42,                  1.082,                 0.8446,                 1.2163,                0.84494,                0.71204,                0.81489,                 0.6516,                0.94591,                 1.0081,                 1.2092,              0.0088403,              0.0088403,              0.0088403
                     43,                 1.0701,                0.83236,                 1.2059,                0.76153,                0.73298,                0.81267,                 0.6318,                 1.0008,                0.97407,                  1.249,               0.008812,               0.008812,               0.008812
                     44,                 1.0689,                0.83227,                 1.2118,                0.79321,                0.70681,                0.79587,                0.62287,                0.92963,                 1.1274,                 1.2049,              0.0087837,              0.0087837,              0.0087837
                     45,                 1.0649,                0.82278,                 1.1961,                0.84005,                0.72866,                 0.8184,                0.64166,                0.92338,                0.98684,                 1.2042,              0.0087554,              0.0087554,              0.0087554
                     46,                 1.0766,                0.83001,                 1.2158,                0.82271,                0.75654,                0.83364,                0.65569,                0.96287,                0.93338,                 1.2287,              0.0087271,              0.0087271,              0.0087271
                     47,                 1.0646,                0.81779,                  1.207,                0.85113,                0.78272,                0.85357,                 0.6762,                0.93717,                0.86409,                 1.2067,              0.0086989,              0.0086989,              0.0086989
                     48,                 1.0556,                 0.8069,                 1.2012,                0.88036,                0.72775,                0.83519,                0.66259,                 0.9439,                0.91794,                 1.2164,              0.0086706,              0.0086706,              0.0086706
                     49,                 1.0542,                0.80248,                 1.1929,                0.83451,                0.75242,                0.83031,                  0.661,                0.93262,                0.93878,                 1.2024,              0.0086423,              0.0086423,              0.0086423
                     50,                  1.058,                0.80356,                 1.2044,                0.91536,                 0.7199,                0.84519,                0.66844,                0.94946,                0.86045,                 1.2047,               0.008614,               0.008614,               0.008614
                     51,                 1.0578,                0.78097,                 1.1863,                0.88687,                 0.7183,                 0.8457,                0.67268,                0.95419,                0.86032,                 1.2134,              0.0085857,              0.0085857,              0.0085857
                     52,                 1.0543,                0.77305,                 1.1856,                0.83878,                0.74869,                0.84735,                0.67539,                0.93258,                0.88338,                 1.2037,              0.0085574,              0.0085574,              0.0085574
                     53,                 1.0461,                0.77792,                 1.1915,                0.85404,                0.73523,                0.84896,                0.67165,                0.94999,                0.86859,                 1.2106,              0.0085291,              0.0085291,              0.0085291
                     54,                 1.0405,                0.75791,                 1.1818,                0.89077,                 0.7472,                 0.8557,                0.68503,                0.92745,                0.88819,                 1.1923,              0.0085009,              0.0085009,              0.0085009
                     55,                 1.0457,                0.76583,                 1.1917,                0.90547,                0.72718,                0.84417,                0.67762,                0.92074,                 0.8868,                 1.1833,              0.0084726,              0.0084726,              0.0084726
                     56,                 1.0305,                0.75384,                 1.1824,                0.85022,                0.75785,                 0.8363,                0.66393,                0.94326,                 0.9044,                 1.1985,              0.0084443,              0.0084443,              0.0084443
                     57,                 1.0442,                0.75588,                 1.1885,                0.85454,                0.75654,                0.85142,                0.68359,                0.91512,                0.87238,                 1.1872,               0.008416,               0.008416,               0.008416
                     58,                 1.0409,                0.75188,                 1.1827,                0.81999,                0.78534,                0.84517,                0.67712,                0.92892,                0.89606,                 1.1904,              0.0083877,              0.0083877,              0.0083877
                     59,                 1.0316,                0.74001,                 1.1742,                0.89609,                 0.7199,                0.84616,                 0.6704,                0.91925,                0.92901,                 1.1877,              0.0083594,              0.0083594,              0.0083594
                     60,                 1.0311,                0.73143,                 1.1742,                0.88232,                0.76702,                0.85377,                0.67588,                0.92456,                0.86417,                  1.186,              0.0083311,              0.0083311,              0.0083311
                     61,                 1.0339,                0.74057,                 1.1793,                0.89425,                0.75266,                0.85943,                0.68344,                0.92181,                0.85221,                 1.1935,              0.0083029,              0.0083029,              0.0083029
                     62,                 1.0193,                0.73509,                 1.1729,                0.88532,                0.78815,                0.87017,                0.69351,                0.91565,                0.81658,                 1.1899,              0.0082746,              0.0082746,              0.0082746
                     63,                 1.0264,                0.72482,                 1.1764,                0.86754,                0.80583,                0.86883,                0.69877,                0.89964,                0.82174,                 1.1726,              0.0082463,              0.0082463,              0.0082463
                     64,                 1.0284,                0.72378,                 1.1736,                0.88659,                0.77767,                0.87859,                0.70445,                0.90609,                0.80071,                 1.1766,               0.008218,               0.008218,               0.008218
                     65,                 1.0085,                0.72362,                 1.1704,                0.89377,                0.77084,                0.87107,                0.69391,                0.91388,                0.80061,                 1.1877,              0.0081897,              0.0081897,              0.0081897
                     66,                 1.0213,                0.71491,                 1.1725,                0.90012,                0.79058,                0.87462,                0.69374,                0.90751,                0.83722,                 1.1774,              0.0081614,              0.0081614,              0.0081614
                     67,                 1.0206,                0.71405,                 1.1712,                0.85351,                 0.8089,                0.86771,                0.69565,                0.88845,                0.83364,                 1.1664,              0.0081331,              0.0081331,              0.0081331
                     68,                 1.0159,                0.70866,                 1.1584,                0.89819,                0.80366,                0.88532,                0.71112,                0.89504,                0.78859,                 1.1674,              0.0081049,              0.0081049,              0.0081049
                     69,                 1.0064,                0.69918,                 1.1554,                0.90646,                  0.761,                0.87096,                0.69125,                0.91152,                0.83235,                 1.1827,              0.0080766,              0.0080766,              0.0080766
                     70,                 1.0142,                0.70742,                 1.1607,                 0.8855,                0.80978,                0.88368,                 0.7099,                0.90699,                0.78551,                  1.184,              0.0080483,              0.0080483,              0.0080483
                     71,                 1.0045,                0.68669,                 1.1581,                0.89136,                0.79471,                0.87941,                0.70164,                0.91696,                0.80378,                 1.1836,                0.00802,                0.00802,                0.00802
                     72,                 1.0005,                0.69638,                 1.1687,                0.90864,                0.80709,                0.88799,                0.70478,                0.92621,                0.77184,                 1.1948,              0.0079917,              0.0079917,              0.0079917
                     73,                 1.0121,                0.69686,                 1.1624,                0.93241,                0.75836,                0.88499,                0.70678,                0.89881,                0.77196,                 1.1739,              0.0079634,              0.0079634,              0.0079634
                     74,                 0.9841,                0.68617,                 1.1549,                0.88852,                0.79581,                0.88285,                0.70508,                0.90352,                0.76661,                 1.1741,              0.0079351,              0.0079351,              0.0079351
                     75,                 1.0013,                0.67909,                 1.1527,                0.89252,                0.81152,                0.89626,                0.71957,                0.88598,                0.72633,                 1.1638,              0.0079069,              0.0079069,              0.0079069
                     76,                 1.0015,                0.67626,                 1.1543,                0.91837,                 0.8089,                0.89633,                0.72199,                0.88126,                0.72696,                 1.1654,              0.0078786,              0.0078786,              0.0078786
                     77,                0.99727,                0.68798,                 1.1564,                 0.9036,                0.80977,                0.88721,                0.71046,                 0.9002,                0.73352,                 1.1704,              0.0078503,              0.0078503,              0.0078503
                     78,                0.99339,                0.67389,                 1.1526,                0.90192,                0.81152,                0.88994,                0.71368,                0.88646,                0.73842,                 1.1614,               0.007822,               0.007822,               0.007822
                     79,                0.99907,                0.67278,                 1.1503,                0.90011,                0.81152,                0.89309,                0.72185,                0.88703,                0.71795,                 1.1637,              0.0077937,              0.0077937,              0.0077937
                     80,                0.99136,                0.66287,                 1.1415,                0.92641,                0.80366,                0.89203,                0.71647,                0.90381,                0.71307,                 1.1782,              0.0077654,              0.0077654,              0.0077654
                     81,                0.98294,                0.65239,                 1.1481,                0.90393,                0.81152,                 0.8886,                0.71363,                0.89903,                0.75224,                 1.1712,              0.0077371,              0.0077371,              0.0077371
                     82,                0.97766,                0.65556,                 1.1465,                0.89884,                0.81413,                0.89894,                 0.7288,                0.88073,                0.71789,                 1.1622,              0.0077089,              0.0077089,              0.0077089
                     83,                0.98778,                0.65315,                  1.149,                0.96044,                0.77487,                0.89317,                0.72027,                0.90178,                0.72018,                 1.1769,              0.0076806,              0.0076806,              0.0076806
                     84,                0.98534,                0.65479,                 1.1463,                0.93346,                0.80788,                0.89154,                0.71973,                0.88157,                 0.7098,                 1.1626,              0.0076523,              0.0076523,              0.0076523
                     85,                0.98195,                0.64502,                 1.1405,                0.92286,                0.78534,                0.89029,                 0.7256,                0.88455,                0.69817,                 1.1637,               0.007624,               0.007624,               0.007624
                     86,                0.97773,                0.64061,                 1.1429,                0.95043,                0.80308,                0.89602,                0.72031,                0.89752,                0.72511,                 1.1658,              0.0075957,              0.0075957,              0.0075957
                     87,                0.97231,                0.63991,                 1.1392,                0.91092,                0.83508,                0.90286,                0.72915,                0.88972,                0.68878,                 1.1586,              0.0075674,              0.0075674,              0.0075674
                     88,                 0.9858,                 0.6571,                 1.1444,                 0.9273,                0.83246,                0.90628,                0.73383,                0.87945,                0.66968,                 1.1525,              0.0075391,              0.0075391,              0.0075391
                     89,                 0.9747,                0.64456,                  1.139,                0.94348,                0.81937,                0.90701,                0.73496,                0.88172,                0.70072,                 1.1546,              0.0075109,              0.0075109,              0.0075109
                     90,                0.97532,                0.64177,                 1.1475,                0.95374,                0.80366,                0.89963,                0.73426,                0.89177,                0.72448,                 1.1584,              0.0074826,              0.0074826,              0.0074826
                     91,                0.96805,                 0.6372,                 1.1355,                0.96529,                0.80628,                0.90386,                0.74043,                0.88099,                0.71017,                 1.1544,              0.0074543,              0.0074543,              0.0074543
                     92,                0.97877,                0.63697,                 1.1411,                0.92572,                0.84293,                0.90316,                0.73278,                0.89307,                0.70892,                 1.1683,               0.007426,               0.007426,               0.007426
                     93,                0.97724,                 0.6323,                  1.142,                0.94185,                0.84031,                0.90884,                0.73664,                0.87647,                0.69487,                 1.1605,              0.0073977,              0.0073977,              0.0073977
                     94,                0.98215,                0.63514,                 1.1379,                0.92993,                 0.8377,                 0.9089,                0.73495,                0.88633,                0.70037,                 1.1625,              0.0073694,              0.0073694,              0.0073694
                     95,                0.96636,                 0.6307,                 1.1319,                0.93484,                0.82623,                0.90325,                0.73306,                0.88273,                0.71352,                 1.1568,              0.0073411,              0.0073411,              0.0073411
                     96,                0.96633,                0.62616,                 1.1321,                0.92455,                 0.8377,                0.91303,                0.74459,                0.87033,                0.69807,                 1.1472,              0.0073129,              0.0073129,              0.0073129
                     97,                 0.9701,                0.62838,                 1.1333,                0.93102,                0.84794,                0.91067,                0.74005,                0.87274,                0.70329,                 1.1526,              0.0072846,              0.0072846,              0.0072846
                     98,                0.96998,                 0.6226,                 1.1355,                0.93947,                0.83246,                0.91014,                0.73609,                0.88297,                0.70081,                 1.1581,              0.0072563,              0.0072563,              0.0072563
                     99,                0.95964,                0.60951,                 1.1279,                0.94398,                0.83813,                0.90241,                0.72839,                0.88471,                0.70725,                 1.1585,               0.007228,               0.007228,               0.007228
                    100,                0.96294,                0.61516,                 1.1272,                0.94896,                0.82742,                0.91037,                0.73733,                0.87439,                0.69355,                 1.1504,              0.0071997,              0.0071997,              0.0071997
                    101,                0.97135,                 0.6194,                 1.1355,                0.90368,                0.85961,                0.91295,                0.74023,                0.86897,                0.69356,                 1.1501,              0.0071714,              0.0071714,              0.0071714
                    102,                0.95652,                0.60257,                 1.1205,                0.91854,                0.85604,                0.91628,                0.74182,                0.87223,                0.68774,                 1.1506,              0.0071431,              0.0071431,              0.0071431
                    103,                0.95935,                0.60224,                 1.1237,                0.92121,                0.85602,                0.91418,                0.74265,                0.87565,                0.68869,                 1.1528,              0.0071149,              0.0071149,              0.0071149
                    104,                0.95398,                0.60314,                  1.123,                0.93754,                0.83508,                0.91462,                0.73991,                 0.8725,                0.68883,                 1.1539,              0.0070866,              0.0070866,              0.0070866
                    105,                0.94619,                0.60011,                 1.1155,                0.95481,                0.82957,                0.91474,                0.73937,                0.85875,                 0.6912,                 1.1426,              0.0070583,              0.0070583,              0.0070583
                    106,                0.96322,                0.60444,                  1.132,                0.95507,                0.83465,                0.91098,                0.74238,                0.85449,                0.69634,                 1.1415,                0.00703,                0.00703,                0.00703
                    107,                0.95377,                0.59234,                 1.1176,                  0.952,                0.83069,                0.91284,                0.74273,                0.85431,                 0.6873,                 1.1389,              0.0070017,              0.0070017,              0.0070017
                    108,                0.95867,                0.59737,                 1.1244,                0.93605,                0.83246,                0.91096,                0.74445,                0.85675,                0.69532,                 1.1406,              0.0069734,              0.0069734,              0.0069734
                    109,                0.95689,                0.59987,                 1.1243,                0.95417,                0.81757,                0.90832,                0.74428,                  0.856,                0.71775,                 1.1372,              0.0069451,              0.0069451,              0.0069451
                    110,                0.94767,                0.58535,                 1.1155,                0.96737,                0.81675,                0.91113,                0.74738,                0.84951,                0.70897,                 1.1351,              0.0069169,              0.0069169,              0.0069169
                    111,                0.94292,                0.58424,                 1.1216,                0.96604,                0.82199,                0.91202,                0.74477,                0.84729,                0.71322,                 1.1322,              0.0068886,              0.0068886,              0.0068886
                    112,                0.95312,                0.59209,                 1.1144,                0.96321,                0.81675,                0.91342,                0.74972,                0.85002,                0.70336,                 1.1338,              0.0068603,              0.0068603,              0.0068603
                    113,                0.94427,                0.57472,                 1.1123,                0.95203,                0.82199,                0.91206,                 0.7485,                0.84958,                0.68796,                 1.1335,               0.006832,               0.006832,               0.006832
                    114,                0.94578,                0.58579,                 1.1158,                0.93855,                0.83958,                 0.9124,                0.74466,                0.85501,                0.67655,                 1.1358,              0.0068037,              0.0068037,              0.0068037
                    115,                0.94442,                0.57919,                 1.1156,                 0.9454,                0.84293,                0.91433,                0.74597,                0.84998,                0.68976,                 1.1328,              0.0067754,              0.0067754,              0.0067754
                    116,                0.94735,                0.58013,                 1.1134,                0.93919,                0.84555,                0.91447,                0.74401,                0.85492,                0.68291,                 1.1362,              0.0067471,              0.0067471,              0.0067471
                    117,                0.94248,                0.57397,                 1.1093,                0.92835,                0.85602,                 0.9144,                0.74524,                0.85314,                0.67924,                 1.1342,              0.0067189,              0.0067189,              0.0067189
                    118,                0.93636,                0.57273,                 1.1157,                 0.9634,                0.82699,                0.91588,                0.74761,                0.85017,                  0.678,                 1.1347,              0.0066906,              0.0066906,              0.0066906
                    119,                  0.941,                0.57334,                 1.1153,                0.95697,                0.83508,                0.91789,                0.74927,                0.85305,                 0.6733,                 1.1351,              0.0066623,              0.0066623,              0.0066623
                    120,                0.94625,                0.58544,                 1.1203,                0.95785,                0.84031,                0.91921,                0.75324,                0.84871,                0.66885,                 1.1324,               0.006634,               0.006634,               0.006634
                    121,                0.93739,                0.57368,                 1.1088,                0.94469,                0.84949,                0.92139,                0.75501,                0.85222,                0.66652,                 1.1346,              0.0066057,              0.0066057,              0.0066057
                    122,                0.93463,                0.56632,                  1.118,                0.93681,                0.85388,                0.92108,                0.75665,                0.84788,                 0.6655,                  1.133,              0.0065774,              0.0065774,              0.0065774
                    123,                0.93146,                0.56033,                 1.1001,                 0.9386,                0.85602,                0.92183,                0.75777,                0.84663,                0.66131,                 1.1319,              0.0065491,              0.0065491,              0.0065491
                    124,                0.93532,                0.57183,                 1.1193,                0.93671,                0.85864,                0.92224,                 0.7588,                0.84642,                0.66242,                 1.1317,              0.0065209,              0.0065209,              0.0065209
                    125,                0.94069,                0.56932,                 1.1122,                0.94015,                0.86126,                0.91994,                0.75584,                0.84203,                0.66027,                 1.1295,              0.0064926,              0.0064926,              0.0064926
                    126,                 0.9397,                0.56781,                 1.1086,                0.93782,                0.86126,                0.92069,                 0.7568,                0.84185,                0.65246,                 1.1304,              0.0064643,              0.0064643,              0.0064643
                    127,                0.92372,                0.55135,                 1.1008,                0.94277,                0.86254,                0.92113,                0.75658,                0.84098,                0.65128,                 1.1295,               0.006436,               0.006436,               0.006436
                    128,                0.93122,                0.56402,                 1.1111,                  0.949,                0.86387,                0.92306,                0.75631,                0.84613,                0.65249,                 1.1328,              0.0064077,              0.0064077,              0.0064077
                    129,                0.92846,                0.55461,                 1.1103,                0.94817,                0.86203,                0.92352,                0.75561,                0.84401,                 0.6502,                 1.1313,              0.0063794,              0.0063794,              0.0063794
                    130,                0.92576,                0.55058,                 1.1038,                0.94182,                0.86387,                0.92384,                 0.7565,                0.84067,                0.65738,                 1.1287,              0.0063511,              0.0063511,              0.0063511
                    131,                0.92717,                0.55411,                 1.1037,                0.94317,                0.86911,                0.92628,                0.76159,                0.83693,                0.65334,                  1.127,              0.0063229,              0.0063229,              0.0063229
                    132,                0.92091,                0.55178,                 1.0991,                0.95084,                0.86079,                0.92727,                0.76235,                0.83629,                0.65744,                  1.126,              0.0062946,              0.0062946,              0.0062946
                    133,                0.92681,                0.55465,                 1.1081,                0.94979,                0.85864,                0.92469,                0.75996,                0.83527,                0.65693,                 1.1254,              0.0062663,              0.0062663,              0.0062663
                    134,                0.92425,                0.55368,                 1.0958,                0.93944,                0.86126,                0.92397,                0.75835,                0.83785,                0.65417,                 1.1271,               0.006238,               0.006238,               0.006238
                    135,                0.92743,                0.55935,                 1.1018,                0.94777,                0.85511,                0.92233,                 0.7573,                0.83503,                0.65421,                  1.127,              0.0062097,              0.0062097,              0.0062097
                    136,                0.92197,                0.54401,                 1.1027,                0.94101,                0.85864,                0.92403,                0.75608,                0.83559,                0.66086,                  1.127,              0.0061814,              0.0061814,              0.0061814
                    137,                0.91575,                0.55097,                 1.0989,                0.93584,                0.86126,                0.92401,                0.75755,                 0.8347,                0.66165,                 1.1259,              0.0061531,              0.0061531,              0.0061531
                    138,                0.92023,                0.54341,                 1.1035,                0.93722,                 0.8597,                0.92219,                0.75646,                0.83499,                0.66885,                 1.1254,              0.0061249,              0.0061249,              0.0061249
                    139,                0.92565,                0.54942,                 1.1006,                0.93731,                0.86105,                0.92144,                0.75464,                0.83488,                0.66664,                 1.1251,              0.0060966,              0.0060966,              0.0060966
                    140,                0.91416,                 0.5393,                 1.0934,                0.93157,                0.86387,                0.92036,                0.75512,                 0.8351,                0.66579,                 1.1258,              0.0060683,              0.0060683,              0.0060683
                    141,                0.92415,                 0.5459,                 1.0985,                0.93968,                0.85635,                0.92187,                 0.7552,                0.83541,                0.66511,                 1.1249,                0.00604,                0.00604,                0.00604
                    142,                 0.9229,                0.54286,                 1.0978,                 0.9439,                0.85602,                 0.9227,                0.75413,                  0.839,                0.66397,                 1.1259,              0.0060117,              0.0060117,              0.0060117
                    143,                0.91288,                0.54053,                 1.0967,                0.94615,                 0.8534,                0.92167,                0.75606,                0.83775,                0.66351,                 1.1248,              0.0059834,              0.0059834,              0.0059834
                    144,                0.91305,                0.53359,                 1.0937,                 0.9471,                 0.8534,                0.92162,                0.75635,                0.83827,                  0.665,                 1.1252,              0.0059551,              0.0059551,              0.0059551
                    145,                0.92248,                0.53179,                 1.0976,                0.92456,                0.86625,                0.92007,                0.75639,                 0.8369,                0.66447,                 1.1249,              0.0059269,              0.0059269,              0.0059269
                    146,                0.91594,                0.53471,                 1.1021,                 0.9445,                 0.8464,                 0.9201,                  0.757,                0.83621,                0.66126,                  1.124,              0.0058986,              0.0058986,              0.0058986
                    147,                 0.9029,                0.52447,                 1.0971,                0.92643,                0.86126,                0.91909,                0.75756,                0.83691,                0.65925,                 1.1243,              0.0058703,              0.0058703,              0.0058703
                    148,                0.90342,                0.52781,                 1.0987,                0.94651,                0.84555,                0.91887,                  0.757,                0.83781,                0.65971,                 1.1243,               0.005842,               0.005842,               0.005842
                    149,                0.91124,                0.52944,                 1.0857,                0.94726,                0.84555,                0.91878,                0.75569,                0.83819,                0.66226,                 1.1246,              0.0058137,              0.0058137,              0.0058137
                    150,                0.91089,                0.53447,                 1.0922,                0.94574,                0.84817,                 0.9193,                0.75716,                0.83675,                0.65946,                  1.123,              0.0057854,              0.0057854,              0.0057854
                    151,                 0.9028,                0.52312,                 1.0861,                 0.9528,                0.84293,                0.91964,                 0.7587,                0.83645,                0.65924,                 1.1223,              0.0057571,              0.0057571,              0.0057571
                    152,                0.91063,                0.52093,                 1.0942,                0.95207,                0.84293,                0.91835,                0.75749,                0.83573,                0.65613,                 1.1215,              0.0057289,              0.0057289,              0.0057289
                    153,                0.90243,                0.51864,                 1.0931,                0.95273,                0.84424,                0.91848,                0.75803,                0.83464,                0.65527,                 1.1214,              0.0057006,              0.0057006,              0.0057006
                    154,                0.90931,                 0.5232,                 1.0874,                0.95115,                0.84293,                0.91923,                0.75777,                0.83443,                0.65348,                 1.1214,              0.0056723,              0.0056723,              0.0056723
                    155,                0.90782,                0.52578,                 1.0939,                0.94988,                0.84345,                0.91864,                0.75836,                0.83451,                0.65486,                 1.1215,               0.005644,               0.005644,               0.005644
                    156,                0.89733,                0.52238,                 1.0887,                0.95016,                0.84293,                0.91884,                0.75968,                0.83518,                0.65484,                 1.1222,              0.0056157,              0.0056157,              0.0056157
                    157,                0.90344,                0.51589,                  1.092,                0.95004,                0.84626,                0.92014,                 0.7609,                0.83514,                0.65986,                 1.1222,              0.0055874,              0.0055874,              0.0055874
                    158,                0.90017,                0.51697,                 1.0874,                0.95011,                0.84555,                0.91877,                0.75937,                0.83443,                0.66151,                 1.1217,              0.0055591,              0.0055591,              0.0055591
                    159,                0.90598,                0.51367,                 1.0846,                0.95175,                0.84555,                0.91993,                0.76009,                0.83258,                0.65992,                 1.1202,              0.0055309,              0.0055309,              0.0055309
                    160,                0.90301,                0.51267,                 1.0911,                0.95088,                0.84555,                 0.9211,                0.76087,                0.83066,                0.65667,                 1.1191,              0.0055026,              0.0055026,              0.0055026
                    161,                 0.8942,                0.51152,                 1.0843,                0.95179,                0.84817,                0.92301,                0.76144,                0.82924,                0.65849,                 1.1178,              0.0054743,              0.0054743,              0.0054743
                    162,                0.90237,                0.51141,                 1.0916,                0.95094,                0.84817,                0.92323,                0.76256,                0.83046,                 0.6564,                  1.118,               0.005446,               0.005446,               0.005446
                    163,                0.90051,                 0.5093,                 1.0846,                0.95265,                0.84817,                0.92323,                0.76178,                0.83025,                0.65612,                 1.1175,              0.0054177,              0.0054177,              0.0054177
                    164,                0.88918,                0.50781,                 1.0822,                0.95002,                0.84592,                 0.9221,                0.76352,                0.82947,                0.65498,                 1.1176,              0.0053894,              0.0053894,              0.0053894
                    165,                 0.8948,                0.50691,                 1.0857,                0.95059,                0.84555,                0.92182,                0.76229,                0.82824,                0.65256,                 1.1168,              0.0053611,              0.0053611,              0.0053611
                    166,                0.88893,                0.50484,                 1.0792,                0.95561,                0.84534,                0.92184,                0.76302,                0.82802,                0.65483,                 1.1165,              0.0053329,              0.0053329,              0.0053329
                    167,                0.90176,                0.50879,                 1.0839,                0.95311,                0.84555,                0.92026,                0.76102,                0.82755,                0.65468,                 1.1165,              0.0053046,              0.0053046,              0.0053046
                    168,                 0.8892,                0.50102,                 1.0722,                0.95291,                 0.8476,                0.92029,                0.75993,                0.82764,                0.65574,                 1.1161,              0.0052763,              0.0052763,              0.0052763
                    169,                0.89023,                0.50934,                  1.081,                0.95291,                0.84555,                0.92031,                0.75904,                0.82686,                0.65352,                 1.1156,               0.005248,               0.005248,               0.005248
                    170,                0.89171,                0.50744,                 1.0776,                0.95259,                0.84817,                0.92046,                 0.7603,                0.82743,                  0.654,                  1.116,              0.0052197,              0.0052197,              0.0052197
                    171,                0.89797,                0.50944,                 1.0826,                0.95286,                 0.8467,                0.92076,                0.76112,                0.82718,                0.65558,                 1.1164,              0.0051914,              0.0051914,              0.0051914
                    172,                0.89232,                0.50302,                 1.0789,                0.95282,                 0.8459,                 0.9205,                0.76236,                 0.8272,                0.65627,                  1.117,              0.0051631,              0.0051631,              0.0051631
                    173,                0.88563,                0.49887,                   1.08,                0.95294,                0.84817,                0.91938,                0.76106,                0.82596,                0.65409,                 1.1168,              0.0051349,              0.0051349,              0.0051349
                    174,                0.88738,                 0.5007,                 1.0817,                0.95566,                0.84637,                0.91941,                0.75835,                0.82624,                0.65495,                 1.1161,              0.0051066,              0.0051066,              0.0051066
                    175,                0.88758,                 0.5027,                 1.0868,                0.95511,                0.84817,                0.91935,                0.75984,                0.82493,                0.65537,                 1.1158,              0.0050783,              0.0050783,              0.0050783
                    176,                0.88231,                0.49328,                 1.0732,                0.95579,                0.84883,                0.91935,                0.76004,                0.82381,                0.65251,                 1.1152,                0.00505,                0.00505,                0.00505
                    177,                0.89162,                0.50032,                 1.0791,                0.95682,                0.84817,                 0.9194,                0.76032,                 0.8238,                0.65271,                 1.1154,              0.0050217,              0.0050217,              0.0050217
                    178,                 0.8849,                0.49379,                  1.075,                0.95775,                0.85079,                0.91941,                   0.76,                0.82373,                0.65321,                 1.1153,              0.0049934,              0.0049934,              0.0049934
                    179,                0.88473,                0.49311,                 1.0782,                0.95719,                0.85079,                0.92074,                0.75992,                0.82454,                0.65187,                 1.1157,              0.0049651,              0.0049651,              0.0049651
                    180,                0.87209,                0.48432,                 1.0749,                0.95703,                0.85079,                0.91955,                0.75899,                0.82413,                0.65301,                 1.1153,              0.0049369,              0.0049369,              0.0049369
                    181,                0.87623,                0.49011,                 1.0751,                0.95687,                0.85079,                0.91817,                0.75975,                0.82359,                0.65535,                 1.1151,              0.0049086,              0.0049086,              0.0049086
                    182,                0.88182,                0.49741,                 1.0779,                0.95667,                0.85079,                0.91932,                0.75998,                0.82346,                0.65525,                 1.1147,              0.0048803,              0.0048803,              0.0048803
                    183,                0.88067,                0.48737,                 1.0729,                0.95654,                0.85079,                0.91812,                0.76011,                0.82338,                 0.6547,                 1.1145,               0.004852,               0.004852,               0.004852
                    184,                0.88206,                0.49358,                 1.0727,                0.95686,                0.85079,                0.91805,                0.75919,                0.82381,                0.65471,                 1.1142,              0.0048237,              0.0048237,              0.0048237
                    185,                0.87717,                0.49063,                 1.0724,                0.95937,                0.85079,                0.91798,                0.75997,                0.82357,                0.65504,                 1.1142,              0.0047954,              0.0047954,              0.0047954
                    186,                0.87908,                0.48341,                 1.0711,                0.96016,                0.85079,                 0.9182,                0.76039,                0.82254,                0.65282,                 1.1137,              0.0047671,              0.0047671,              0.0047671
                    187,                0.87172,                0.48092,                 1.0678,                0.96008,                0.85079,                0.91855,                0.76048,                 0.8226,                0.65232,                 1.1137,              0.0047389,              0.0047389,              0.0047389
                    188,                 0.8713,                0.48997,                 1.0747,                 0.9605,                0.85079,                0.91855,                0.76073,                0.82148,                0.65172,                 1.1131,              0.0047106,              0.0047106,              0.0047106
                    189,                0.86812,                0.48334,                 1.0727,                0.96077,                0.85079,                0.91732,                0.75983,                0.82175,                0.65179,                 1.1131,              0.0046823,              0.0046823,              0.0046823
                    190,                0.87789,                0.48997,                 1.0696,                0.96072,                0.85079,                0.91738,                0.75991,                0.82122,                0.65209,                 1.1128,               0.004654,               0.004654,               0.004654
                    191,                0.87753,                0.48592,                 1.0712,                0.96104,                0.85079,                0.91855,                0.75979,                 0.8206,                0.65174,                 1.1123,              0.0046257,              0.0046257,              0.0046257
                    192,                0.87719,                0.48781,                  1.067,                0.96057,                0.85079,                0.91854,                0.75987,                0.82059,                  0.652,                 1.1118,              0.0045974,              0.0045974,              0.0045974
                    193,                0.87019,                0.48527,                 1.0659,                0.95934,                0.85079,                0.91856,                0.75968,                0.82052,                0.65296,                 1.1116,              0.0045691,              0.0045691,              0.0045691
                    194,                 0.8702,                0.47791,                 1.0668,                0.95677,                0.85079,                0.91842,                 0.7592,                0.82008,                0.65007,                 1.1112,              0.0045409,              0.0045409,              0.0045409
                    195,                0.85481,                0.47009,                 1.0611,                0.95626,                0.85079,                0.91862,                0.75988,                0.81992,                0.65198,                  1.111,              0.0045126,              0.0045126,              0.0045126
                    196,                0.86801,                0.47852,                  1.067,                0.95501,                0.85079,                0.91853,                0.75959,                0.82009,                0.65163,                  1.111,              0.0044843,              0.0044843,              0.0044843
                    197,                0.86792,                0.47855,                 1.0619,                 0.9531,                0.85112,                0.91867,                0.76106,                0.81955,                0.65133,                 1.1106,               0.004456,               0.004456,               0.004456
                    198,                0.87258,                0.48139,                 1.0723,                 0.9531,                0.85111,                0.91894,                0.76074,                0.81931,                0.65127,                 1.1104,              0.0044277,              0.0044277,              0.0044277
                    199,                0.86882,                0.47191,                 1.0614,                0.95747,                0.85079,                0.91882,                0.76047,                0.81909,                0.65166,                 1.1104,              0.0043994,              0.0043994,              0.0043994
                    200,                0.86462,                0.47426,                 1.0652,                0.95826,                0.85079,                 0.9189,                0.76054,                0.81916,                0.65199,                 1.1103,              0.0043711,              0.0043711,              0.0043711
                    201,                0.86559,                0.47643,                  1.065,                0.95872,                0.85124,                0.91893,                0.75994,                0.81943,                0.65214,                 1.1101,              0.0043429,              0.0043429,              0.0043429
                    202,                0.85572,                0.47128,                  1.065,                0.95874,                 0.8515,                  0.919,                0.75978,                0.81976,                0.65106,                 1.1099,              0.0043146,              0.0043146,              0.0043146
                    203,                0.86282,                0.46887,                  1.058,                 0.9587,                0.85068,                0.91906,                0.75998,                0.82001,                0.65323,                 1.1099,              0.0042863,              0.0042863,              0.0042863
                    204,                0.86676,                0.47112,                  1.065,                 0.9587,                0.85082,                0.91906,                0.76025,                0.82002,                0.65226,                   1.11,               0.004258,               0.004258,               0.004258
                    205,                0.86927,                0.47446,                 1.0657,                 0.9587,                0.85071,                0.91886,                0.76057,                0.81996,                0.65191,                 1.1098,              0.0042297,              0.0042297,              0.0042297
                    206,                0.86834,                0.47006,                 1.0607,                0.95868,                 0.8504,                0.91886,                 0.7602,                0.81909,                0.65013,                 1.1094,              0.0042014,              0.0042014,              0.0042014
                    207,                0.85658,                0.46708,                 1.0565,                0.95867,                   0.85,                0.92002,                0.76143,                0.81897,                0.65012,                 1.1092,              0.0041731,              0.0041731,              0.0041731
                    208,                0.85804,                0.46673,                 1.0631,                0.95867,                0.85018,                0.91993,                0.76107,                0.81801,                0.64863,                 1.1084,              0.0041449,              0.0041449,              0.0041449
                    209,                0.85261,                0.46135,                 1.0556,                 0.9587,                0.85077,                0.91875,                0.76029,                0.81784,                0.64879,                 1.1084,              0.0041166,              0.0041166,              0.0041166
                    210,                0.85947,                0.47109,                 1.0611,                0.96133,                0.84592,                0.92035,                0.76183,                0.81662,                0.64718,                  1.108,              0.0040883,              0.0040883,              0.0040883
                    211,                0.84628,                0.45798,                 1.0562,                0.96356,                0.84555,                0.92035,                0.76133,                0.81697,                 0.6477,                  1.108,                0.00406,                0.00406,                0.00406
                    212,                0.85061,                0.45979,                 1.0607,                 0.9642,                0.84611,                0.92021,                0.76014,                0.81621,                0.64644,                 1.1078,              0.0040317,              0.0040317,              0.0040317
                    213,                0.84647,                0.45464,                  1.053,                0.96205,                0.84817,                0.92042,                0.76045,                0.81579,                0.64527,                 1.1075,              0.0040034,              0.0040034,              0.0040034
                    214,                0.84688,                0.45686,                 1.0518,                0.96236,                0.84817,                0.92037,                  0.762,                0.81564,                0.64425,                 1.1076,              0.0039751,              0.0039751,              0.0039751
                    215,                 0.8535,                0.45843,                 1.0554,                0.96415,                0.84493,                0.92002,                0.76148,                0.81581,                 0.6442,                 1.1078,              0.0039469,              0.0039469,              0.0039469
                    216,                0.84773,                0.46587,                 1.0577,                0.96415,                0.84483,                0.92012,                 0.7605,                0.81572,                0.64367,                 1.1076,              0.0039186,              0.0039186,              0.0039186
                    217,                0.84646,                0.45954,                 1.0499,                0.96415,                0.84481,                0.92007,                0.76024,                0.81603,                0.64182,                 1.1078,              0.0038903,              0.0038903,              0.0038903
                    218,                0.84612,                0.45616,                 1.0508,                0.96421,                0.84633,                 0.9201,                0.76079,                0.81612,                0.64438,                 1.1078,               0.003862,               0.003862,               0.003862
                    219,                0.84851,                0.45584,                 1.0525,                0.96428,                0.84797,                0.91902,                0.76135,                0.81597,                0.64298,                 1.1076,              0.0038337,              0.0038337,              0.0038337
                    220,                0.84971,                0.46114,                  1.062,                0.96128,                0.84817,                 0.9191,                0.76087,                0.81522,                0.64142,                 1.1074,              0.0038054,              0.0038054,              0.0038054
                    221,                0.84086,                0.45086,                 1.0482,                0.96242,                0.84817,                0.91957,                0.76069,                0.81516,                0.63928,                 1.1072,              0.0037771,              0.0037771,              0.0037771
                    222,                0.83945,                0.45229,                 1.0538,                0.96337,                0.84817,                0.91955,                0.76084,                0.81504,                0.63973,                 1.1072,              0.0037489,              0.0037489,              0.0037489
                    223,                0.83846,                0.44994,                 1.0474,                0.96293,                0.84817,                0.91952,                 0.7616,                 0.8148,                0.63843,                 1.1071,              0.0037206,              0.0037206,              0.0037206
                    224,                0.85069,                0.46433,                 1.0546,                0.96261,                0.84817,                0.91952,                0.76067,                 0.8153,                0.63831,                 1.1073,              0.0036923,              0.0036923,              0.0036923
                    225,                0.84751,                0.45889,                  1.053,                0.96273,                0.84817,                0.91954,                0.76179,                0.81459,                0.63744,                 1.1076,               0.003664,               0.003664,               0.003664
                    226,                0.83839,                0.44922,                 1.0497,                0.96428,                0.84812,                0.91937,                0.76033,                0.81422,                0.63741,                  1.107,              0.0036357,              0.0036357,              0.0036357
                    227,                0.84083,                0.44967,                 1.0513,                0.96426,                0.84758,                0.91941,                0.76001,                0.81441,                0.63837,                 1.1069,              0.0036074,              0.0036074,              0.0036074
                    228,                0.85207,                0.45421,                 1.0511,                0.96426,                0.84763,                0.91924,                0.76088,                0.81445,                0.64024,                 1.1068,              0.0035791,              0.0035791,              0.0035791
                    229,                0.83963,                0.44504,                 1.0505,                0.96137,                0.85079,                0.91923,                0.76024,                0.81402,                0.63822,                 1.1064,              0.0035509,              0.0035509,              0.0035509
                    230,                0.83882,                0.44393,                 1.0505,                0.95931,                0.85079,                0.91924,                0.75932,                0.81322,                0.63993,                 1.1063,              0.0035226,              0.0035226,              0.0035226
                    231,                0.84479,                0.44402,                 1.0498,                0.95849,                0.85079,                0.91921,                0.75996,                0.81292,                0.63991,                 1.1065,              0.0034943,              0.0034943,              0.0034943
                    232,                0.84095,                0.44383,                  1.047,                0.95857,                0.85079,                0.91919,                0.75907,                0.81313,                0.64063,                 1.1064,               0.003466,               0.003466,               0.003466
                    233,                0.84285,                0.45406,                 1.0474,                0.95984,                0.84817,                 0.9203,                0.75994,                0.81234,                0.63952,                  1.106,              0.0034377,              0.0034377,              0.0034377
                    234,                0.83135,                0.44561,                 1.0431,                0.97025,                0.84031,                0.92027,                0.75997,                0.81207,                0.64064,                 1.1059,              0.0034094,              0.0034094,              0.0034094
                    235,                0.84121,                0.45115,                 1.0523,                0.97053,                0.84031,                0.92029,                0.76055,                0.81249,                  0.641,                  1.106,              0.0033811,              0.0033811,              0.0033811
                    236,                0.83249,                0.44363,                  1.048,                0.97027,                0.84031,                0.91902,                0.76031,                0.81145,                0.64008,                 1.1054,              0.0033529,              0.0033529,              0.0033529
                    237,                0.83687,                0.43704,                 1.0475,                0.97051,                0.84031,                0.91892,                0.75986,                0.81127,                0.64289,                 1.1054,              0.0033246,              0.0033246,              0.0033246
                    238,                0.83353,                0.44198,                 1.0431,                0.97013,                0.84031,                0.91894,                0.75932,                 0.8119,                0.64332,                 1.1054,              0.0032963,              0.0032963,              0.0032963
                    239,                0.82923,                0.43802,                 1.0423,                0.97016,                0.84031,                0.91897,                0.75964,                0.81282,                0.64511,                 1.1057,               0.003268,               0.003268,               0.003268
                    240,                0.83821,                0.44273,                  1.039,                0.96997,                0.84031,                0.91897,                0.75957,                0.81218,                 0.6438,                 1.1053,              0.0032397,              0.0032397,              0.0032397
                    241,                0.82833,                0.43489,                 1.0402,                 0.9698,                 0.8407,                0.91896,                0.76009,                 0.8123,                0.64421,                 1.1055,              0.0032114,              0.0032114,              0.0032114
                    242,                0.82211,                0.43694,                 1.0386,                 0.9698,                0.84069,                0.91909,                0.76029,                0.81174,                0.64598,                 1.1053,              0.0031831,              0.0031831,              0.0031831
                    243,                0.82766,                0.43694,                 1.0426,                0.96979,                0.84046,                0.91925,                0.75975,                0.81228,                0.64659,                 1.1055,              0.0031549,              0.0031549,              0.0031549
                    244,                0.82502,                0.43299,                 1.0427,                0.96982,                0.84126,                0.91926,                0.75972,                0.81216,                0.64945,                 1.1055,              0.0031266,              0.0031266,              0.0031266
                    245,                0.81793,                0.43116,                 1.0351,                0.96986,                0.84225,                0.91942,                0.76015,                0.81211,                0.65014,                 1.1054,              0.0030983,              0.0030983,              0.0030983
                    246,                 0.8318,                0.44107,                  1.047,                 0.9699,                0.84356,                0.91934,                0.75999,                0.81276,                0.65082,                 1.1054,                0.00307,                0.00307,                0.00307
                    247,                0.82859,                0.43441,                 1.0404,                0.96992,                0.84421,                0.91942,                0.75923,                0.81344,                0.65165,                 1.1057,              0.0030417,              0.0030417,              0.0030417
                    248,                0.82107,                0.43178,                 1.0391,                0.97278,                0.84189,                0.91937,                0.75926,                0.81348,                0.65217,                 1.1056,              0.0030134,              0.0030134,              0.0030134
                    249,                0.82448,                0.43171,                 1.0475,                 0.9728,                0.84258,                0.91959,                 0.7599,                0.81263,                0.65254,                 1.1051,              0.0029851,              0.0029851,              0.0029851
                    250,                0.82943,                0.43199,                 1.0423,                 0.9728,                0.84263,                 0.9196,                0.76006,                0.81239,                0.65152,                  1.105,              0.0029569,              0.0029569,              0.0029569
                    251,                0.82931,                0.43574,                 1.0415,                0.97281,                0.84283,                0.91947,                0.76009,                0.81229,                0.65084,                  1.105,              0.0029286,              0.0029286,              0.0029286
                    252,                0.81931,                0.43296,                 1.0349,                0.97281,                0.84299,                0.91944,                0.76022,                0.81211,                0.65189,                 1.1048,              0.0029003,              0.0029003,              0.0029003
                    253,                0.82197,                 0.4268,                 1.0338,                0.97282,                0.84314,                0.91964,                0.76044,                0.81212,                0.65238,                  1.105,               0.002872,               0.002872,               0.002872
                    254,                0.81966,                0.42673,                 1.0357,                0.97283,                0.84353,                0.91969,                0.76018,                 0.8129,                0.65322,                 1.1051,              0.0028437,              0.0028437,              0.0028437
                    255,                0.81948,                0.42822,                 1.0334,                0.97283,                0.84355,                0.91967,                0.76201,                0.81191,                0.65376,                 1.1049,              0.0028154,              0.0028154,              0.0028154
                    256,                0.81331,                0.42646,                 1.0341,                0.97282,                0.84332,                0.91978,                0.76126,                0.81172,                0.65264,                 1.1049,              0.0027871,              0.0027871,              0.0027871
                    257,                 0.8184,                0.42833,                 1.0344,                0.97282,                0.84336,                0.91984,                 0.7616,                0.81134,                0.65193,                 1.1045,              0.0027589,              0.0027589,              0.0027589
                    258,                0.81956,                0.42634,                 1.0339,                0.97282,                0.84334,                0.91861,                0.76152,                 0.8108,                0.65029,                 1.1045,              0.0027306,              0.0027306,              0.0027306
                    259,                0.81133,                 0.4194,                 1.0303,                0.97282,                0.84324,                 0.9186,                0.76169,                0.81074,                0.65077,                 1.1042,              0.0027023,              0.0027023,              0.0027023
                    260,                 0.8236,                0.42696,                 1.0334,                0.97282,                0.84312,                0.91859,                0.76152,                0.81156,                0.65149,                 1.1047,               0.002674,               0.002674,               0.002674
                    261,                 0.8151,                0.42681,                 1.0377,                0.97283,                0.84356,                0.91859,                0.76177,                0.81179,                0.65223,                 1.1045,              0.0026457,              0.0026457,              0.0026457
                    262,                  0.815,                 0.4197,                 1.0291,                0.97284,                0.84375,                0.91862,                0.76219,                0.81081,                0.65378,                 1.1041,              0.0026174,              0.0026174,              0.0026174
                    263,                0.81048,                0.41444,                 1.0358,                0.97284,                0.84399,                 0.9173,                 0.7609,                0.81045,                0.65296,                  1.104,              0.0025891,              0.0025891,              0.0025891
                    264,                0.81195,                0.41879,                 1.0298,                0.97284,                0.84396,                0.91736,                0.76116,                0.81029,                0.65155,                  1.104,              0.0025609,              0.0025609,              0.0025609
